{
  "model": "baseline_cnn",
  "timestamp": "2025-12-26T17:24:18.764900",
  "configuration": {
    "image_size": 224,
    "batch_size": 32,
    "epochs": 30,
    "learning_rate": 0.001,
    "optimizer": "Adam",
    "loss": "categorical_crossentropy"
  },
  "training_history": {
    "epochs_completed": 30,
    "final_train_accuracy": 0.6659296154975891,
    "final_val_accuracy": 0.6928694248199463,
    "best_val_accuracy": 0.7353951930999756,
    "best_epoch": 24
  },
  "evaluation_metrics": {
    "loss": 0.9696745276451111,
    "accuracy": 0.6928694248199463
  },
  "class_weights_used": {
    "0": 1.8245083207261725,
    "1": 1.7503628447024673,
    "2": 1.9357945425361156,
    "3": 0.8577524893314367,
    "4": 2.241635687732342,
    "5": 1.6408163265306122,
    "6": 1.993388429752066,
    "7": 0.2360078277886497,
    "8": 2.4763860369609856
  }
}